"Part Suitability","Product (WPN)","Datasheet","OPN","Price","Description","Power Switch","IPK SRC Typ (A)","IPK SNK Typ (A)","Vclass Max (V)","VCC Max (V)","Isolation Type","Topology","Number of Outputs","Package Type","Visolation Max (V)","Rise Time (ns)","Fall Time (ns)","Turn On Prop. Delay Typ (ns)","Turn Off Prop. Delay Typ (ns)","Delay Matching","Qualification","AEC Qualified","PPAP Capable","Halide Free","Lead Free","Status"
"100","NCV7518","https://www.onsemi.com/download/data-sheet/pdf/NCV7518-D.PDF","NCV7518MWATXG","1.73","FLEXMOS™ Hex Low-side MOSFET Pre-driver","MOSFET","0.0265","0.0265","0.8","5.25","Non-Isolated","","6","QFN-32","","277","277","1000","1000","","Automotive","true","true","true","true","Active"
"100","NCV7520","https://www.onsemi.com/download/data-sheet/pdf/NCV7520-D.PDF","NCV7520FPR2G","2.30","FLEXMOS™ Hex Low-side MOSFET Pre-driver, TQFP-32","MOSFET","0.0265","0.0265","36","5.25","Non-Isolated","","6","TQFP-32 EP","","277","277","2000","2000","","Automotive","true","true","true","true","Active"
"100","NCV7520","https://www.onsemi.com/download/data-sheet/pdf/NCV7520-D.PDF","NCV7520MWTXG","1.84","FLEXMOS™ Hex Low-side MOSFET Pre-driver, QFN-32","MOSFET","0.0265","0.0265","36","5.25","Non-Isolated","","6","QFN-32","","277","277","2000","2000","","Automotive","true","true","true","true","Active"
"97","NCV51513","https://www.onsemi.com/download/data-sheet/pdf/NCV51513-D.PDF","NCV51513AAMNTWG","0.65","Automotive 130 V, 2.0/3.0 A High and Low Side Drivers with Dead Time & Interlock","MOSFET","2","3","130","20","Junction Isolation","Half-Bridge","2","DFNW-10","","9","7","50","50","11","Automotive","true","true","true","true","Active"
"96","NCV51513","https://www.onsemi.com/download/data-sheet/pdf/NCV51513-D.PDF","NCV51513ABMNTWG","0.65","Automotive 130 V, 2.0/3.0 A High and Low Side Drivers with Dead Time & Interlock","MOSFET","2","3","130","20","Junction Isolation","Half-Bridge","2","DFNW-10","","9","7","50","50","11","Automotive","true","true","true","true","Active"
"95","NCV5106","https://www.onsemi.com/download/data-sheet/pdf/NCV5106-D.PDF","NCV5106ADR2G","1.14","MOSFET / IGBT Drivers, High Voltage, High and Low Side","MOSFET / IGBT","0.25","0.5","600","20","Junction Isolation","Half-Bridge","2","SOIC-8","","85","35","100","100","35","Automotive","true","true","true","true","Active"
"94","NCP5104","https://www.onsemi.com/download/data-sheet/pdf/NCP5104-D.PDF","NCV5104DR2G","0.90","Single Input High and Low Side Power MOSFET Driver","MOSFET / IGBT","0.25","0.5","600","20","Junction Isolation","Half-Bridge","2","SOIC-8","","85","35","620","100","45","Automotive","true","true","true","true","Active"
"94","FAN7081_GF085","https://www.onsemi.com/download/data-sheet/pdf/FAN7081_GF085-D.PDF","FAN7081MX-GF085","0.76","625V, 0.5A, SOIC-8,<BR>Single High-Side Gate Driver","MOSFET / IGBT","0.25","0.5","625","25","Junction Isolation","High-Side","1","SOIC-8","","15","10","130","140","","Automotive","true","true","true","true","Active"
"94","NCP51810","https://www.onsemi.com/download/data-sheet/pdf/NCP51810-D.PDF","NCP51810AMNTWG","0.87","High Performance, 150 V Half Bridge Gate Driver for GaN Power Switches","GaN","1","2","150","20","Junction Isolation","Half-Bridge","2","QFN-15","","2","1.5","25","25","10","Standard","false","false","true","true","Active"
"93","FAN73894","https://www.onsemi.com/download/data-sheet/pdf/FAN73894-D.PDF","FAN73894MX","1.41","3-Phase Half-Bridge Gate-Drive IC","MOSFET / IGBT","0.35","0.65","625","12","Junction Isolation","Three Phase","6","SOIC-28W","","50","30","500","500","50","Standard","false","false","true","true","Active"
"93","NCP51820","https://www.onsemi.com/download/data-sheet/pdf/NCP51820-D.PDF","NCP51820AMNTWG","0.87","High Performance, 650 V Half Bridge Gate Driver for GaN Power Switches","GaN","1","2","650","20","Junction Isolation","Half-Bridge","2","QFN-15","","2","1.5","25","25","5","Standard","false","false","true","true","Active"
"91","FAN7085_GF085","https://www.onsemi.com/download/data-sheet/pdf/FAN7085_GF085-D.PDF","FAN7085MX-GF085","1.02","325V, 0.45A,<BR>Single High-Side Gate Driver with Recharge FET","MOSFET / IGBT","0.2","0.4","325","25","Junction Isolation","High-Side","1","SOIC-8","","65","25","130","140","","Automotive","true","true","true","true","Active"
"91","NCP81080","https://www.onsemi.com/download/data-sheet/pdf/NCP81080-D.PDF","NCP81080MNTBG","0.51","High Side and Low Side Gate Driver, High-Frequency, 180V offering 0.5A source/0.8A capability","MOSFET","0.5","0.8","180","20","Junction Isolation","High-Low","2","DFN-8","","19","17","44","30","10","Standard","false","false","true","true","Active"
"91","NCP51513","https://www.onsemi.com/download/data-sheet/pdf/NCP51513-D.PDF","NCP51513ABMNTWG","0.59","130 V, 2.0/3.0 A High and Low Side Drivers with 80 ns Dead Time & Input Filter","MOSFET","2","3","130","20","Junction Isolation","Half-Bridge","2","DFN-10","","9","7","50","50","11","Standard","false","false","true","true","Active"
"91","NCP81080","https://www.onsemi.com/download/data-sheet/pdf/NCP81080-D.PDF","NCP81080DR2G","0.53","High Side and Low Side Gate Driver, High-Frequency, 180V offering 0.5A source/0.8A capability","MOSFET","0.5","0.8","180","20","Junction Isolation","High-Low","2","SOIC-8","","19","17","44","30","10","Standard","false","false","true","true","Active"
"91","FAD8253MX-1","https://www.onsemi.com/download/data-sheet/pdf/FAD8253-D.PDF","FAD8253MX-1","1.25","1200V Half-Bridge Gate Driver, 2.5 A Source/3.4 A Sink, SOIC-8 package","MOSFET / IGBT","2","2.5","25.3","25","Junction Isolation","Half-Bridge","2","SOIC-14","","25","26","95","95","","Automotive","true","true","true","true","Active"
"90","FAN7083_GF085","https://www.onsemi.com/download/data-sheet/pdf/FAN7083_GF085-D.PDF","FAN7083MX-GF085","0.77","625V, 0.4A,<BR>Single High-Side Gate Driver with Reset","MOSFET / IGBT","0.25","0.5","625","25","Junction Isolation","High-Side","1","SOIC-8","","200","25","130","140","","Automotive","true","true","true","true","Active"
"89","NCP5104","https://www.onsemi.com/download/data-sheet/pdf/NCP5104-D.PDF","NCP5104DR2G","0.44","Single Input High and Low Side Power MOSFET Driver","MOSFET / IGBT","0.25","0.5","600","20","Junction Isolation","Half-Bridge","2","SOIC-8","","85","35","620","100","45","Standard","false","false","true","true","Active"
"89","FAN7380","https://www.onsemi.com/download/data-sheet/pdf/FAN7380-D.PDF","FAN7380MX","0.46","Half-Bridge Gate-Driver","MOSFET / IGBT","0.09","0.18","625","25","Junction Isolation","Half-Bridge","2","SOIC-8","","230","90","135","130","50","Standard","false","false","true","true","Active"
"89","NCP5109","https://www.onsemi.com/download/data-sheet/pdf/NCP5109-D.PDF","NCP5109ADR2G","0.41","MOSFET / IGBT Drivers, Dual Input, High Voltage, High and Low Side, 200 V ","MOSFET / IGBT","0.25","0.5","200","23","Junction Isolation","High-Low","2","SOIC-8","","85","35","100","100","35","Standard","false","false","true","true","Active"
"89","NCP5109","https://www.onsemi.com/download/data-sheet/pdf/NCP5109-D.PDF","NCP5109BDR2G","0.41","MOSFET / IGBT Drivers, Dual Input, High Voltage, High and Low Side, 200 V ","MOSFET / IGBT","0.25","0.5","200","23","Junction Isolation","High-Low","2","SOIC-8","","85","35","100","100","35","Standard","false","false","true","true","Active"
"89","NCV33152","https://www.onsemi.com/download/data-sheet/pdf/MC34152-D.PDF","NCV33152DR2G","0.58","High Speed Dual MOSFET Driver","MOSFET","1.5","1.5","20","18","Non-Isolated","Dual","2","SOIC-8","","15","36","120","120","","Automotive","true","true","true","true","Active"
"88","NCP5106","https://www.onsemi.com/download/data-sheet/pdf/NCP5106-D.PDF","NCP5106BDR2G","0.46","MOSFET / IGBT Drivers, High Voltage, High and Low Side","MOSFET / IGBT","0.25","0.5","600","23","Junction Isolation","High-Low","2","SOIC-8","","85","35","100","100","35","Standard","false","false","true","true","Active"
"88","NCP5111","https://www.onsemi.com/download/data-sheet/pdf/NCP5111-D.PDF","NCP5111DR2G","0.46","Power MOSFET / IGBT Driver, Single Input, Half-Bridge","MOSFET / IGBT","0.25","0.5","600","23","Junction Isolation","High-Low","2","SOIC-8","","85","35","750","100","60","Standard","false","false","true","true","Active"
"88","NCP5106","https://www.onsemi.com/download/data-sheet/pdf/NCP5106-D.PDF","NCP5106ADR2G","0.49","MOSFET / IGBT Drivers, High Voltage, High and Low Side","MOSFET / IGBT","0.25","0.5","600","23","Junction Isolation","High-Low","2","SOIC-8","","85","35","100","100","35","Standard","false","false","true","true","Active"
"88","NCP5304","https://www.onsemi.com/download/data-sheet/pdf/NCP5304-D.PDF","NCP5304DR2G","0.77","MOSFET / IGBT Drivers, High Voltage, High and Low Side, Dual Input","MOSFET / IGBT","0.25","0.5","600","23","Junction Isolation","Half-Bridge","2","SOIC-8","","85","35","100","100","35","Standard","false","false","true","true","Active"
"88","FAN73893","https://www.onsemi.com/download/data-sheet/pdf/FAN73893-D.PDF","FAN73893MX","1.54","3-Phase Half Bridge Gate Drive IC","MOSFET / IGBT","0.35","0.65","625","25","Junction Isolation","Three Phase","6","SOIC-28W","","50","30","500","500","50","Standard","false","false","true","true","Active"
"88","FAN73832","https://www.onsemi.com/download/data-sheet/pdf/FAN73832-D.pdf","FAN73832MX","0.49","625V,0.65/0.35A sink/source current, Half Bridge Gate-Drive with variable Deadtime, Shutdown protection","MOSFET / IGBT","0.35","0.65","625","25","Junction Isolation","Half-Bridge","2","SOIC-8","","50","30","580","180","60","Standard","false","false","true","true","Active"
"88","FAN7383","https://www.onsemi.com/download/data-sheet/pdf/FAN7383-D.pdf","FAN7383MX","0.55","625V,0.65/0.35A sink/source current, Half Bridge Gate-Drive with variable Deadtime, Shutdown protection","MOSFET / IGBT","0.35","0.65","625","25","Junction Isolation","Half-Bridge","2","SOP-14","","50","30","500","170","60","Standard","false","false","true","true","Active"
"87","FAN7842","https://www.onsemi.com/download/data-sheet/pdf/FAN7842-D.PDF","FAN7842MX","0.45","225V,TTL input logic compatible 0.65/0.35A sink/source current, High & Low Side Gate-Drive","MOSFET / IGBT","0.35","0.65","225","25","Junction Isolation","High-Low","2","SOIC-8","","60","30","170","200","50","Standard","false","false","true","true","Active"
"87","FAN7382","https://www.onsemi.com/download/data-sheet/pdf/FAN7382-D.PDF","FAN7382MX","0.50","625V, TTL input logic compatible, 0.65/0.35A sink/source current, High & Low Side Gate-Drive","MOSFET / IGBT","0.35","0.65","625","25","Junction Isolation","High-Low","2","SOIC-8","","60","30","170","200","50","Standard","false","false","true","true","Active"
"87","FAD3151MXA","https://www.onsemi.com/download/data-sheet/pdf/FAD3151MXA-D.PDF","FAD3151MXA","'-","110V, 2.5A, SOIC-8, Single Channel Floating Gate Drivers with Desaturation Protection","MOSFET","2.5","2.5","135","18","Junction Isolation","High-Side","1","SOIC-8","","15","10","50","50","","Automotive","true","true","true","true","Active"
"87","FAD3171MXA","https://www.onsemi.com/download/data-sheet/pdf/FAD3151MXA-D.PDF","FAD3171MXA","'-","110V, 2.5A, SOIC-8, Single Channel Floating Gate Drivers with Desaturation Protection and Charge Pump","MOSFET","2.5","2.5","135","18","Junction Isolation","High-Side","1","SOIC-8","","15","10","50","50","","Automotive","true","true","true","true","Active"
"87","FAN7382","https://www.onsemi.com/download/data-sheet/pdf/FAN7382-D.PDF","FAN7382M1X","0.76","625V, TTL input logic compatible, 0.65/0.35A sink/source current, High & Low Side Gate-Drive","MOSFET / IGBT","0.35","0.65","625","25","Junction Isolation","High-Low","2","SOIC-14 N","","60","30","170","200","50","Standard","false","false","true","true","Active"
"87","FAN7888","https://www.onsemi.com/download/data-sheet/pdf/FAN7888-D.PDF","FAN7888MX","1.18","225V, 3.3/5V input logic compatible, 0.65/0.35A sink/source current, 3-Phase Half-Bridge Gate-Drive IC","MOSFET / IGBT","0.35","0.65","225","25","Junction Isolation","Three Phase","6","SOIC-20W","","50","30","130","150","60","Standard","false","false","true","true","Active"
"87","FAN7388","https://www.onsemi.com/download/data-sheet/pdf/FAN7388-D.pdf","FAN7388MX","1.22","625V, 3.3/5V input logic compatible, 0.65/0.35A sink/source current, 3-Phase Half-Bridge Gate-Drive IC","MOSFET / IGBT","0.35","0.65","625","25","Junction Isolation","Three Phase","6","SOIC-20W","","50","30","130","150","60","Standard","false","false","true","true","Active"
"86","FAN73833","https://www.onsemi.com/download/data-sheet/pdf/FAN73833-D.pdf","FAN73833MX","0.66","625V, 3.3/5V input logic compatible, 0.65/0.35A sink/source current, Half Bridge Gate-Drive with fixed Deadtime","MOSFET / IGBT","0.35","0.65","625","25","Junction Isolation","Half-Bridge","2","SOIC-8","","50","30","150","140","","Standard","false","false","true","true","Active"
"86","MC33152","https://www.onsemi.com/download/data-sheet/pdf/MC34152-D.PDF","MC34152DG","0.56","MOSFET Driver, High Speed, Dual","MOSFET","1.5","1.5","18","18","Non-Isolated","Dual","2","SOIC-8","","14","15","55","40","","Standard","false","false","true","true","Active"
"86","MC33152","https://www.onsemi.com/download/data-sheet/pdf/MC34152-D.PDF","MC33152DR2G","0.57","MOSFET Driver, High Speed, Dual","MOSFET","1.5","1.5","18","18","Non-Isolated","Dual","2","SOIC-8","","14","15","55","40","","Standard","false","false","true","true","Active"
"86","MC33151","https://www.onsemi.com/download/data-sheet/pdf/MC34151-D.PDF","MC33151VDR2G","0.48","High Speed Dual MOSFET Driver","MOSFET","1.5","1.5","18","18","Non-Isolated","Dual","2","SOIC-8","","14","16","35","36","","Standard","false","false","true","true","Active"
"86","MC33152","https://www.onsemi.com/download/data-sheet/pdf/MC34152-D.PDF","MC33152DG","0.66","MOSFET Driver, High Speed, Dual","MOSFET","1.5","1.5","18","18","Non-Isolated","Dual","2","SOIC-8","","14","15","55","40","","Standard","false","false","true","true","Active"
"86","MC33152","https://www.onsemi.com/download/data-sheet/pdf/MC34152-D.PDF","MC33152VDR2G","0.69","MOSFET Driver, High Speed, Dual","MOSFET","1.5","1.5","18","18","Non-Isolated","Dual","2","SOIC-8","","14","15","55","40","","Standard","false","false","true","true","Active"
"85","MC33152","https://www.onsemi.com/download/data-sheet/pdf/MC34152-D.PDF","MC33152PG","0.71","MOSFET Driver, High Speed, Dual","MOSFET","1.5","1.5","18","18","Non-Isolated","Dual","2","PDIP-8","","14","15","55","40","","Standard","false","false","true","true","Active"
"85","MC33152","https://www.onsemi.com/download/data-sheet/pdf/MC34152-D.PDF","MC34152DR2G","0.74","MOSFET Driver, High Speed, Dual","MOSFET","1.5","1.5","18","18","Non-Isolated","Dual","2","SOIC-8","","14","15","55","40","","Standard","false","false","true","true","Active"
"85","MC33151","https://www.onsemi.com/download/data-sheet/pdf/MC34151-D.PDF","MC34151DG","0.67","High Speed Dual MOSFET Driver","MOSFET","1.5","1.5","18","18","Non-Isolated","Dual","2","SOIC-8","","14","16","35","36","","Standard","false","false","true","true","Active"
"85","MC33151","https://www.onsemi.com/download/data-sheet/pdf/MC34151-D.PDF","MC33151PG","0.68","High Speed Dual MOSFET Driver","MOSFET","1.5","1.5","18","18","Non-Isolated","Dual","2","PDIP-8","","14","16","35","36","","Standard","false","false","true","true","Active"
"85","MC33151","https://www.onsemi.com/download/data-sheet/pdf/MC34151-D.PDF","MC33151DG","0.67","High Speed Dual MOSFET Driver","MOSFET","1.5","1.5","18","18","Non-Isolated","Dual","2","SOIC-8","","14","16","35","36","","Standard","false","false","true","true","Active"
"85","MC33151","https://www.onsemi.com/download/data-sheet/pdf/MC34151-D.PDF","MC33151DR2G","0.86","High Speed Dual MOSFET Driver","MOSFET","1.5","1.5","18","18","Non-Isolated","Dual","2","SOIC-8","","14","16","35","36","","Standard","false","false","true","true","Active"
"85","MC33151","https://www.onsemi.com/download/data-sheet/pdf/MC34151-D.PDF","MC34151DR2G","0.86","High Speed Dual MOSFET Driver","MOSFET","1.5","1.5","18","18","Non-Isolated","Dual","2","SOIC-8","","14","16","35","36","","Standard","false","false","true","true","Active"
"85","FAN7171MX-F085-1","https://www.onsemi.com/download/data-sheet/pdf/FAN7171_F085-D.PDF","FAN7171MX-F085-1","0.62","625V, 4A, SOIC-8,<BR>High-Side Gate Drive IC","MOSFET / IGBT","4","4","625","23","Junction Isolation","High-Side","1","SOIC-8","","25","15","150","150","","Automotive","true","true","true","true","Active"
"84","MC33153","https://www.onsemi.com/download/data-sheet/pdf/MC33153-D.PDF","MC33153PG","0.53","Single IGBT Driver","IGBT","1","2","20","20","Non-Isolated","Single","1","PDIP-8","","17","17","80","120","","Standard","false","false","true","true","Active"
"84","FAN73912A","https://www.onsemi.com/download/data-sheet/pdf/FAN73912A-D.PDF","FAN73912AMX","1.94","1200V High-Current, High & Low-Side, Gate-Driver IC (HVIC)","MOSFET / IGBT","2","3","1225","25","Junction Isolation","High-Low","2","SOIC-16W","","25","15","500","550","50","Standard","false","false","true","true","Active"
"84","MC33153","https://www.onsemi.com/download/data-sheet/pdf/MC33153-D.PDF","MC33153DR2G","0.90","Single IGBT Driver","IGBT","1","2","20","20","Non-Isolated","Single","1","SOIC-8","","17","17","80","120","","Standard","false","false","true","true","Active"
"84","MC33153","https://www.onsemi.com/download/data-sheet/pdf/MC33153-D.PDF","MC33153DG","1.05","Single IGBT Driver","IGBT","1","2","20","20","Non-Isolated","Single","1","SOIC-8","","17","17","80","120","","Standard","false","false","true","true","Active"
"84","FAN7191MX-F085-1","https://www.onsemi.com/download/data-sheet/pdf/FAN7191_F085-D.PDF","FAN7191MX-F085-1","1.02","High-Current, High &amp; Low Side Gate Driver IC","MOSFET / IGBT","4.5","4.5","625","25","Junction Isolation","High-Low","1","SOIC-8","","25","25","140","140","55","Automotive","true","true","true","true","Active"
"83","NCV51511","https://www.onsemi.com/download/data-sheet/pdf/NCV51511-D.PDF","NCV51511PDR2G","1.35","100V High-Frequency, High Side and Low Side Gate Driver","MOSFET","3","6","100","18","Junction Isolation","High-Low","2","SOIC-8 EP","","6","4","30","28","10","Automotive","true","true","true","true","Active"
"83","NCP81085","https://www.onsemi.com/download/data-sheet/pdf/NCP81085-D.PDF","NCP81085MTTXG","0.98","High Voltage Dual MOSFET Gate Driver, Up to 180V","MOSFET","4","4","180","20","Junction Isolation","High-Low","2","WDFN9 4x5, 0.8P","","8","7","20","20","3.5","Standard","false","false","true","true","Active"
"82","NCP51530","https://www.onsemi.com/download/data-sheet/pdf/NCP51530-D.PDF","NCP51530ADR2G","0.52","High Performance, 700 V- 3.5/3.0 A High and Low Side MOSFET Driver","MOSFET / IGBT","3.5","3","700","20","Junction Isolation","High-Low","2","SOIC-8","","8","8","60","60","7","Standard","false","false","true","true","Active"
"82","NCP51530","https://www.onsemi.com/download/data-sheet/pdf/NCP51530-D.PDF","NCP51530BDR2G","0.52","High Performance, 700 V- 3.5/3.0 A High and Low Side MOSFET Driver","MOSFET / IGBT","3.5","3","700","20","Junction Isolation","High-Low","2","SOIC-8","","8","8","25","25","7","Standard","false","false","true","true","Active"
"82","NCP51530","https://www.onsemi.com/download/data-sheet/pdf/NCP51530-D.PDF","NCP51530AMNTWG","0.61","High Performance, 700 V- 3.5/3.0 A High and Low Side MOSFET Driver","MOSFET / IGBT","3.5","3","700","20","Junction Isolation","High-Low","2","DFN-10","","8","8","60","60","7","Standard","false","false","true","true","Active"
"82","NCP51530","https://www.onsemi.com/download/data-sheet/pdf/NCP51530-D.PDF","NCP51530BMNTWG","0.61","High Performance, 700 V- 3.5/3.0 A High and Low Side MOSFET Driver","MOSFET / IGBT","3.5","3","700","20","Junction Isolation","High-Low","2","DFN-10","","8","8","25","25","7","Standard","false","false","true","true","Active"
"82","NCP5183","https://www.onsemi.com/download/data-sheet/pdf/NCP5183-D.PDF","NCV5183DR2G","1.01","High Voltage 4.3 A High and Low Side Driver, AEC Q100 version","MOSFET / IGBT","4.3","4.3","600","18","Junction Isolation","High-Low","2","SOIC-8","","12","12","120","120","50","Automotive","true","true","true","true","Active"
"80","NCV5703","https://www.onsemi.com/download/data-sheet/pdf/NCD5703-D.PDF","NCV5703DDR2G","0.85","IGBT Gate Drivers, High-Current, Stand-Alone","IGBT","4","6","5.5","35","Non-Isolated","Single","1","SOIC-8","","30","30","59","54","5","Automotive","true","true","true","true","Active"
"80","NCV5700","https://www.onsemi.com/download/data-sheet/pdf/NCV5700-D.PDF","NCV5700DR2G","0.66","IGBT Gate Drivers, High-Current, Stand-Alone","IGBT","4","4","5.5","35","Non-Isolated","Single","1","SOIC-16","","9.2","7.9","56","63","7","Automotive","true","true","true","true","Active"
"80","FAN7393A","https://www.onsemi.com/download/data-sheet/pdf/FAN7393A-D.pdf","FAN7393AMX","1.31","625V, 3.3/5V input logic compatible, 2.5/2.5A sink/source current, Half Bridge Gate-Drive IC with variable DT control and SD protection","MOSFET / IGBT","2.5","2.5","625","21","Junction Isolation","Half-Bridge","2","SOIC-14 N","","25","15","530","130","40","Standard","false","false","true","true","Active"
"80","FAN73912","https://www.onsemi.com/download/data-sheet/pdf/FAN73912-D.PDF","FAN73912MX","1.70","1200V High-Current, Half-Bridge, Gate-Driver IC (HVIC)","MOSFET / IGBT","2","3","1225","25","Junction Isolation","Half-Bridge","2","SOIC-16W","","25","15","500","550","50","Standard","false","false","true","true","Active"
"79","FAN73901","https://www.onsemi.com/download/data-sheet/pdf/FAN73901-D.pdf","FAN73901MX","0.96","625V, 3.3/5V input logic compatible, 2.5/2.5A sink/source current, Half Bridge Gate-Drive","MOSFET / IGBT","2.5","2.5","625","25","Junction Isolation","High-Low","2","SOIC-8","","25","20","140","140","50","Standard","false","false","true","true","Active"
"78","NCP81075","https://www.onsemi.com/download/data-sheet/pdf/NCP81075-D.PDF","NCP81075DR2G","0.90","High Side and Low Side Gate Driver, High-Frequency, 180 V, 4A capability","MOSFET","4","4","180","20","Junction Isolation","High-Low","2","SOIC-8","","8","7","20","20","3.5","Standard","false","false","true","true","Active"
"78","NCV81071","https://www.onsemi.com/download/data-sheet/pdf/NCV81071-D.PDF","NCV81071AZR2G","0.73","Low Side MOSFET Driver, Dual 5A High Speed with Enable","MOSFET","5","5","20","20","Non-Isolated","","2","MSOP-8 EP","","8","8","20","20","1","Automotive","true","true","true","true","Active"
"78","NCV81071","https://www.onsemi.com/download/data-sheet/pdf/NCV81071-D.PDF","NCV81071BZR2G","0.73","Low Side MOSFET Driver, Dual 5A High Speed with Enable","MOSFET","5","5","20","20","Non-Isolated","","2","MSOP-8 EP","","8","8","20","20","1","Automotive","true","true","true","true","Active"
"78","NCV81071","https://www.onsemi.com/download/data-sheet/pdf/NCV81071-D.PDF","NCV81071CZR2G","0.73","Low Side MOSFET Driver, Dual 5A High Speed with Enable","MOSFET","5","5","20","20","Non-Isolated","","2","MSOP-8 EP","","8","8","20","20","1","Automotive","true","true","true","true","Active"
"78","NCP81075","https://www.onsemi.com/download/data-sheet/pdf/NCP81075-D.PDF","NCP81075MTTXG","1.40","High Side and Low Side Gate Driver, High-Frequency, 180 V, 4A capability","MOSFET","4","4","180","20","Junction Isolation","High-Low","2","WDFN-10","","8","7","20","20","3.5","Standard","false","false","true","true","Active"
"78","FAN8811T","https://www.onsemi.com/download/data-sheet/pdf/FAN8811-D.PDF","FAN8811TMPX","1.32","High-Frequency, High Side and Low Side Gate Driver IC","MOSFET","3","6","100","18","Junction Isolation","High-Low","2","WDFN-10","","6","4","30","28","10","Standard","false","false","true","true","Active"
"78","NCP81075","https://www.onsemi.com/download/data-sheet/pdf/NCP81075-D.PDF","NCP81075MNTXG","1.52","High Side and Low Side Gate Driver, High-Frequency, 180 V, 4A capability","MOSFET","4","4","180","20","Junction Isolation","High-Low","2","DFN-8","","8","7","20","20","3.5","Standard","false","false","true","true","Active"
"78","FAN73933","https://www.onsemi.com/download/data-sheet/pdf/FAN73933-D.pdf","FAN73933MX","0.96","625V, 3.3/5V input logic compatible, 2.5/2.5A sink/source current, Half Bridge Gate-Drive IC with variable DT control","MOSFET / IGBT","2.5","2.5","625","25","Junction Isolation","Half-Bridge","2","SOIC-14 N","","40","20","160","160","50","Standard","false","false","true","true","Active"
"78","NCP51105A","https://www.onsemi.com/download/data-sheet/pdf/NCP51105-D.PDF","NCP51105ASNT1G","0.42","Single 2.6 A, Low-Side Gate Driver with OCP","MOSFET","2.6","2.6","","25","Non-Isolated","Single","1","TSOP-6","","5","5","25","25","","Standard","false","false","true","true","Active"
"77","NCP5183","https://www.onsemi.com/download/data-sheet/pdf/NCP5183-D.PDF","NCP5183DR2G","1.20","High Voltage 4.3 A High and Low Side Driver","MOSFET / IGBT","4.3","4.3","600","18","Junction Isolation","High-Low","2","SOIC-8","","12","12","120","120","50","Standard","false","false","true","true","Active"
"77","NCV5702","https://www.onsemi.com/download/data-sheet/pdf/NCV5702-D.PDF","NCV5702DR2G","1.20","IGBT Gate Drivers, High-Current, Stand-Alone, High Voltage, High Current IGBT Gate Driver","IGBT","4","6","5.5","35","Non-Isolated","Single","1","SOIC-16","","9.2","7.9","56","63","7","Automotive","true","true","true","true","Active"
"77","NCV5701","https://www.onsemi.com/download/data-sheet/pdf/NCV5701-D.PDF","NCV5701ADR2G","0.85","IGBT Gate Drivers, High-Current, Stand-Alone, CLAMP version","IGBT","4","4","5.5","35","Non-Isolated","Single","1","SOIC-8","","30","30","56","63","7","Automotive","true","true","true","true","Active"
"77","NCV5701","https://www.onsemi.com/download/data-sheet/pdf/NCV5701-D.PDF","NCV5701BDR2G","0.85","IGBT Gate Drivers, High-Current, Stand-Alone, VEE version","IGBT","4","4","5.5","35","Non-Isolated","Single","1","SOIC-8","","30","30","56","63","7","Automotive","true","true","true","true","Active"
"77","NCV5701","https://www.onsemi.com/download/data-sheet/pdf/NCV5701-D.PDF","NCV5701CDR2G","0.85","IGBT Gate Drivers, High-Current, Stand-Alone","IGBT","4","4","5.5","35","Non-Isolated","Single","1","SOIC-8","","30","30","56","63","7","Automotive","true","true","true","true","Active"
"76","FAN7171_F085","https://www.onsemi.com/download/data-sheet/pdf/FAN7171_F085-D.PDF","FAN7171MX-F085","0.90","625V, 4A, SOIC-8,<BR>High-Side Gate Drive IC","MOSFET / IGBT","4","4","625","23","Junction Isolation","High-Side","1","SOIC-8","","25","15","150","150","","Automotive","true","true","true","true","Active"
"76","FAN7191_F085","https://www.onsemi.com/download/data-sheet/pdf/FAN7191_F085-D.PDF","FAN7191MX-F085","1.06","High-Current, High &amp; Low Side Gate Driver IC","MOSFET / IGBT","4.5","4.5","625","25","Junction Isolation","High-Low","1","SOIC-8","","25","25","140","140","55","Automotive","true","true","true","true","Active"
"76","NCV5705B","https://www.onsemi.com/download/data-sheet/pdf/NCV5705B-D.PDF","NCV5705BDR2G","0.62","Non-Isolated gate driver with negative gate voltage pin","IGBT","4","6","5.5","35","Non-Isolated","Single","1","SOIC-8","","30","30","59","54","5","Automotive","true","true","true","true","Active"
"76","NCP1392","https://www.onsemi.com/download/data-sheet/pdf/NCP1392-D.PDF","NCP1392BDR2G","0.45","MOSFET Driver, High Voltage, Half Bridge, with Inbuilt Oscillator","MOSFET","0.5","1","","16","Junction Isolation","Half-Bridge","2","SOIC-8","","40","20","750","750","50","Standard","false","false","true","true","Active"
"75","NCP1392","https://www.onsemi.com/download/data-sheet/pdf/NCP1392-D.PDF","NCP1392DDR2G","0.48","MOSFET Driver, High Voltage, Half Bridge, with Inbuilt Oscillator","MOSFET","0.5","1","","16","Junction Isolation","Half-Bridge","2","SOIC-8","","40","20","450","450","","Standard","false","false","true","true","Active"
"74","NCV5703","https://www.onsemi.com/download/data-sheet/pdf/NCD5703-D.PDF","NCV5703ADR2G","0.86","IGBT Gate Drivers, High-Current, Stand-Alone, With Active Miller Clamp","IGBT","4","6","5.5","35","Non-Isolated","Single","1","SOIC-8","","30","30","59","54","5","Automotive","true","true","true","true","Active"
"74","NCV5703","https://www.onsemi.com/download/data-sheet/pdf/NCD5703-D.PDF","NCV5703BDR2G","0.86","IGBT Gate Drivers, High-Current, Stand-Alone, With VEE","IGBT","4","6","5.5","35","Non-Isolated","Single","1","SOIC-8","","30","30","59","54","5","Automotive","true","true","true","true","Active"
"74","NCV5703","https://www.onsemi.com/download/data-sheet/pdf/NCD5703-D.PDF","NCV5703CDR2G","0.86","IGBT Gate Drivers, High-Current, Stand-Alone, With Split Gate Outputs","IGBT","4","6","5.5","35","Non-Isolated","Single","1","SOIC-8","","30","30","59","54","5","Automotive","true","true","true","true","Active"
"73","FAN3111E","https://www.onsemi.com/download/data-sheet/pdf/FAN3111C-D.PDF","FAN3111ESX","0.24","External DC 2~5V referenced input, single non-inverting output, peak 1.4A sink, 1.4A source current Low-Side Gate Driver","MOSFET","1.4","1.4","","18","Non-Isolated","Single","1","SOT-23-5","","9","8","15","15","","Standard","false","false","true","true","Active"
"73","FAN3111C","https://www.onsemi.com/download/data-sheet/pdf/FAN3111C-D.PDF","FAN3111CSX","0.32","CMOS input, single inverting or non-inverting output, peak 1.4A sink, 1.4A source current Low-Side Gate Driver","MOSFET","1.4","1.4","","18","Non-Isolated","Single","1","SOT-23-5","","9","8","15","15","","Standard","false","false","true","true","Active"
"73","NCD57252","https://www.onsemi.com/download/data-sheet/pdf/NCD57252-D.PDF","NCV57255DR2G","2.33","Dual-Channel Iso IGBT Gate Driver in SOIC-16 Narrow (Auto)","IGBT","3.5","3.5","","36","Galvanic Isolation","Dual","2","SOIC-16","22","12","10","60","60","15","Automotive","true","true","true","true","Active"
"73","NCP81071","https://www.onsemi.com/download/data-sheet/pdf/NCP81071-D.PDF","NCP81071AMNTXG","0.56","High Speed 5A Dual Low Side MOSFET driver","MOSFET","5","5","24","24","Non-Isolated","Dual","2","WDFN-8","","8","8","20","20","1","Standard","false","false","true","true","Active"
"73","NCP81071","https://www.onsemi.com/download/data-sheet/pdf/NCP81071-D.PDF","NCP81071CMNTXG","0.56","High Speed 5A Dual Low Side MOSFET driver","MOSFET","5","5","24","24","Non-Isolated","Dual","2","WDFN-8","","8","8","20","20","1","Standard","false","false","true","true","Active"
"73","NCP51100A","https://www.onsemi.com/download/data-sheet/pdf/NCP51100-D.PDF","NCP51100ASNT1G","0.29","Single 2 A High-Speed, Low-Side Gate Driver","MOSFET","3","3","","18","Non-Isolated","Single","1","SOT-23-5","","14","7","10","14","","Standard","false","false","true","true","Active"
"73","NCP81071","https://www.onsemi.com/download/data-sheet/pdf/NCP81071-D.PDF","NCP81071BMNTXG","0.72","High Speed 5A Dual Low Side MOSFET driver","MOSFET","5","5","24","24","Non-Isolated","Dual","2","WDFN-8","","8","8","20","20","1","Standard","false","false","true","true","Active"
"73","NCP81071","https://www.onsemi.com/download/data-sheet/pdf/NCP81071-D.PDF","NCP81071ADR2G","0.53","High Speed 5A Dual Low Side MOSFET driver","MOSFET","5","5","24","24","Non-Isolated","Dual","2","SOIC-8","","8","8","20","20","1","Standard","false","false","true","true","Active"
"73","NCP81071","https://www.onsemi.com/download/data-sheet/pdf/NCP81071-D.PDF","NCP81071CDR2G","0.53","High Speed 5A Dual Low Side MOSFET driver","MOSFET","5","5","24","24","Non-Isolated","Dual","2","SOIC-8","","8","8","20","20","1","Standard","false","false","true","true","Active"
"73","NCP81071","https://www.onsemi.com/download/data-sheet/pdf/NCP81071-D.PDF","NCP81071BDR2G","0.59","High Speed 5A Dual Low Side MOSFET driver","MOSFET","5","5","24","24","Non-Isolated","Dual","2","SOIC-8","","8","8","20","20","1","Standard","false","false","true","true","Active"
"73","NCP81071","https://www.onsemi.com/download/data-sheet/pdf/NCP81071-D.PDF","NCP81071AZR2G","0.63","High Speed 5A Dual Low Side MOSFET driver","MOSFET","5","5","24","24","Non-Isolated","Dual","2","MSOP-8 EP","","8","8","20","20","1","Standard","false","false","true","true","Active"
"73","NCP81071","https://www.onsemi.com/download/data-sheet/pdf/NCP81071-D.PDF","NCP81071BZR2G","0.63","High Speed 5A Dual Low Side MOSFET driver","MOSFET","5","5","24","24","Non-Isolated","Dual","2","MSOP-8 EP","","8","8","20","20","1","Standard","false","false","true","true","Active"
"73","NCP81071","https://www.onsemi.com/download/data-sheet/pdf/NCP81071-D.PDF","NCP81071CZR2G","0.63","High Speed 5A Dual Low Side MOSFET driver","MOSFET","5","5","24","24","Non-Isolated","Dual","2","MSOP-8 EP","","8","8","20","20","1","Standard","false","false","true","true","Active"
"73","FAN73711","https://www.onsemi.com/download/data-sheet/pdf/FAN73711-D.pdf","FAN73711MX","0.48","625V,3.3/5V input logic compatible 4/4A sink/source current, High Side Gate-DriveIC","MOSFET / IGBT","4","4","625","21","Junction Isolation","High-Side","1","SOIC-8","","25","15","150","150","","Standard","false","false","true","true","Active"
"73","FAN7391","https://www.onsemi.com/download/data-sheet/pdf/FAN7391-D.PDF","FAN7391MX","0.83","625V, 3.3/5V input logic compatible, 4.5/4.5A sink/source current, High & Low Side Gate-Drive IC with Advanced input filter","MOSFET / IGBT","4.5","4.5","625","21","Junction Isolation","High-Low","2","SOIC-14","","25","20","150","150","50","Standard","false","false","true","true","Active"
"72","FAN3122TM1X-F085","https://www.onsemi.com/download/data-sheet/pdf/FAN3121-F085-D.PDF","FAN3122TM1X-F085","0.66","Single 9 A High-Speed,<BR>Low-Side Gate Driver","MOSFET","7.1","9.7","20.3","20","Non-Isolated","Single","1","SOIC-8 EP","","23","19","23","23","","Automotive","true","true","true","true","Active"
"72","FAN3278","https://www.onsemi.com/download/data-sheet/pdf/FAN3278-D.PDF","FAN3278TMX","0.52","Low-Voltage 27V PMOS-NMOS Bridge Driver","MOSFET","1","1","","27","Non-Isolated","High-Low","2","SOIC-8","","17","8","45","35","","Standard","false","false","true","true","Active"
"72","FAN3226T_F085","https://www.onsemi.com/download/data-sheet/pdf/FAN3229T_F085-D.PDF","FAN3226TMX-F085","0.59","Dual 2-A High-Speed,<BR>Low-Side Gate Driver","MOSFET","3","3","","18","Non-Isolated","Dual","2","SOIC-8","","12","9","19","18","22","Automotive","true","true","true","true","Active"
"71","FAN3217T_F085","https://www.onsemi.com/download/data-sheet/pdf/FAN3217-F085-D.PDF","FAN3217TMX-F085","0.55","Low-Side Gate Driver, Dual 2 A High-Speed","MOSFET","3","3","","18","Non-Isolated","Dual","2","SOIC-8","","12","9","19","19","24","Automotive","true","true","true","true","Active"
"71","FAN3216T_F085","https://www.onsemi.com/download/data-sheet/pdf/FAN3217-F085-D.PDF","FAN3216TMX-F085","0.59","Dual 2-A, High-Speed,<BR>Low-Side Gate Drivers","MOSFET","3","3","","18","Non-Isolated","Dual","2","SOIC-8","","12","9","19","19","24","Automotive","true","true","true","true","Active"
"71","FAN3227T_F085","https://www.onsemi.com/download/data-sheet/pdf/FAN3229T_F085-D.PDF","FAN3227TMX-F085","0.61","Dual 2A High-Speed,<BR>Low-Side Gate Driver","MOSFET","3","3","","18","Non-Isolated","Dual","2","SOIC-8","","12","9","19","18","22","Automotive","true","true","true","true","Active"
"71","FAN7390","https://www.onsemi.com/download/data-sheet/pdf/FAN7390-D.PDF","FAN7390MX","0.80","625V, 3.3/5V input logic compatible, 4.5/4.5A sink/source current, High & Low Side Gate-Drive","MOSFET / IGBT","4.5","4.5","625","25","Junction Isolation","High-Low","2","SOIC-8","","25","20","140","140","50","Standard","false","false","true","true","Active"
"71","NCV5707","https://www.onsemi.com/download/data-sheet/pdf/NCV5707-D.PDF","NCV5707BDR2G","0.72","IGBT Gate Drivers, High-Current, Stand-Alone","MOSFET / IGBT","4","6","","36","Galvanic Isolation","Single","1","SOIC-8","5.5","9.2","7.9","7","60","7","Automotive","true","true","true","true","Active"
"70","FAN3181","https://www.onsemi.com/download/data-sheet/pdf/FAN3181-D.pdf","FAN3181TMX","0.56","Single 2A High-Speed, Low-Side IGBT Driver","MOSFET / IGBT","1.5","2","","25","Non-Isolated","Single","1","SOIC-8","","15","10","15","17","","Standard","false","false","true","true","Active"
"70","NCD5703","https://www.onsemi.com/download/data-sheet/pdf/NCD5703-D.PDF","NCD5703ADR2G","0.74","IGBT Gate Drivers, High-Current, Stand-Alone, Non-inverting","IGBT","4","6","5.5","35","Non-Isolated","Single","1","SOIC-8","","30","30","59","54","5","Standard","false","false","true","true","Active"
"69","NCD5703","https://www.onsemi.com/download/data-sheet/pdf/NCD5703-D.PDF","NCD5703BDR2G","0.99","IGBT Gate Drivers, High-Current, Stand-Alone, Non-inverting","IGBT","4","6","5.5","35","Non-Isolated","Single","1","SOIC-8","","30","30","59","54","5","Standard","false","false","true","true","Active"
"69","NCD5703","https://www.onsemi.com/download/data-sheet/pdf/NCD5703-D.PDF","NCD5703CDR2G","0.99","IGBT Gate Drivers, High-Current, Stand-Alone, Non-inverting","IGBT","4","6","5.5","35","Non-Isolated","Single","1","SOIC-8","","30","30","59","54","5","Standard","false","false","true","true","Active"
"69","NCD5702","https://www.onsemi.com/download/data-sheet/pdf/NCD5702-D.PDF","NCD5702DR2G","1.02","IGBT Gate Driver, High Current","IGBT","4","6","5.5","35","Non-Isolated","Single","1","SOIC-16","","30","30","56","63","7","Standard","false","false","true","true","Active"
"69","NCD5701","https://www.onsemi.com/download/data-sheet/pdf/NCD5701-D.PDF","NCD5701ADR2G","0.82","IGBT Gate Drivers, High-Current, Stand-Alone","IGBT","4","6","5.5","35","Non-Isolated","Single","1","SOIC-8","","30","30","56","63","7","Standard","false","false","true","true","Active"
"69","NCD5701","https://www.onsemi.com/download/data-sheet/pdf/NCD5701-D.PDF","NCD5701CDR2G","0.82","IGBT Gate Drivers, High-Current, Stand-Alone","IGBT","4","6","5.5","35","Non-Isolated","Single","1","SOIC-8","","30","30","56","63","7","Standard","false","false","true","true","Active"
"69","NCD57252","https://www.onsemi.com/download/data-sheet/pdf/NCD57252-D.PDF","NCD57255DR2G","2.13","Dual-Channel Iso IGBT Gate Driver in SOIC-16 Narrow","IGBT","3.5","3.5","","36","Galvanic Isolation","Dual","2","SOIC-16","22","12","10","60","60","15","Standard","false","false","true","true","Active"
"68","NCD5701","https://www.onsemi.com/download/data-sheet/pdf/NCD5701-D.PDF","NCD5701BDR2G","1.39","IGBT Gate Drivers, High-Current, Stand-Alone","IGBT","4","6","5.5","35","Non-Isolated","Single","1","SOIC-8","","30","30","56","63","7","Standard","false","false","true","true","Active"
"68","NCD5700","https://www.onsemi.com/download/data-sheet/pdf/NCD5700-D.PDF","NCD5700DR2G","1.60","IGBT Gate Drivers, High-Current, Stand-Alone","IGBT","4","6","5.5","35","Non-Isolated","Single","1","SOIC-16","","30","30","56","63","7","Standard","false","false","true","true","Active"
"68","FAN7080_GF085","https://www.onsemi.com/download/data-sheet/pdf/FAN7080-GF085-D.PDF","FAN7080MX-GF085","1.01","Half-Bridge Gate Driver, 625 V, 0.6 A","MOSFET / IGBT","0.3","0.6","","","Junction Isolation","Half-Bridge","2","SOIC-8","","","","750","130","25","Automotive","true","true","true","true","Active"
"68","NCV51563","https://www.onsemi.com/download/data-sheet/pdf/NCV51563-D.PDF","NCV51563BBDWR2G","2.40","Automotive 4.5/9A Isolated Dual Channel Gate Driver with 8V UVLO and DISABLE in SOIC-16 less pins 12 & 13","MOSFET","4.5","9","","33","Galvanic Isolation","Dual","2","SOIC−16 WB LESS PINS 12 & 13","1850","9","8","36","36","8","Standard","true","false","true","true","Active"
"67","NCV51563","https://www.onsemi.com/download/data-sheet/pdf/NCV51563-D.PDF","NCV51563CADWR2G","2.40","Automotive 4.5/9A Isolated Dual Channel Gate Driver with 13V UVLO and ENABLE in SOIC-16 less pins 12 & 13","SiC MOSFET","4.5","9","","33","Galvanic Isolation","Dual","2","SOIC−16 WB LESS PINS 12 & 13","1850","9","8","36","36","8","Automotive","true","true","true","true","Active"
"67","NCV51561","https://www.onsemi.com/download/data-sheet/pdf/NCV51561-D.PDF","NCV51561BBDWR2G","2.40","Automotive 4.5/9A Isolated Dual Channel Gate Driver with 8V UVLO and DISABLE","MOSFET","4.5","9","","33","Galvanic Isolation","Dual","2","SOIC-16W","1500","9","8","36","36","8","Automotive","true","true","true","true","Active"
"67","NCV51561","https://www.onsemi.com/download/data-sheet/pdf/NCV51561-D.PDF","NCV51561DADWR2G","2.40","Automotive 4.5/9A Isolated Dual Channel Gate Driver with 17V UVLO and ENABLE","SiC MOSFET","4.5","9","","33","Galvanic Isolation","Dual","2","SOIC-16W","1500","9","8","36","36","8","Automotive","true","true","true","true","Active"
"67","FAN3226C","https://www.onsemi.com/download/data-sheet/pdf/FAN3229T-D.PDF","FAN3226CMX","0.39","CMOS input, dual inverting output, peak 3A sink, 3A source current Low-Side Gate Driver","MOSFET","3","3","","18","Non-Isolated","Dual","2","SOIC-8","","12","9","15","15","22","Standard","false","false","true","true","Active"
"67","FAN3217T","https://www.onsemi.com/download/data-sheet/pdf/FAN3217-D.PDF","FAN3217TMX","0.50","TTL input, dual non- inverting output, peak 3A sink, 3A source current Low-Side Gate Driver","MOSFET","3","3","","18","Non-Isolated","Dual","2","SOIC-8","","12","9","19","19","24","Standard","false","false","true","true","Active"
"67","FAN3226C","https://www.onsemi.com/download/data-sheet/pdf/FAN3229T-D.PDF","FAN3226CMPX","0.43","CMOS input, dual inverting output, peak 3A sink, 3A source current Low-Side Gate Driver","MOSFET","3","3","","18","Non-Isolated","Dual","2","WDFN-8","","12","9","15","15","22","Standard","false","false","true","true","Active"
"67","FAN3227C","https://www.onsemi.com/download/data-sheet/pdf/FAN3229T-D.PDF","FAN3227CMPX","0.43","CMOS input, dual non-inverting output, peak 3A sink, 3A source current Low-Side Gate Driver","MOSFET","3","3","","18","Non-Isolated","Dual","2","WDFN-8","","12","9","15","15","22","Standard","false","false","true","true","Active"
"67","FAN3216T","https://www.onsemi.com/download/data-sheet/pdf/FAN3217-D.PDF","FAN3216TMX","0.56","TTL input, dual inverting output, peak 3A sink, 3A source current Low-Side Gate Driver","MOSFET","3","3","","18","Non-Isolated","Dual","2","SOIC-8","","12","9","19","19","24","Standard","false","false","true","true","Active"
"67","FAN3226T","https://www.onsemi.com/download/data-sheet/pdf/FAN3229T-D.PDF","FAN3226TMX","0.54","TTL input, dual inverting output, peak 3A sink, 3A source current Low-Side Gate Driver","MOSFET","3","3","","18","Non-Isolated","Dual","2","SOIC-8","","12","9","19","18","22","Standard","false","false","true","true","Active"
"67","FAN3229C","https://www.onsemi.com/download/data-sheet/pdf/FAN3229T-D.PDF","FAN3229CMX","0.57","CMOS input, dual inverting or non-inverting output, peak 3A sink, 3A source current Low-Side Gate Driver","MOSFET","3","3","","18","Non-Isolated","Dual","2","SOIC-8","","12","9","15","15","22","Standard","false","false","true","true","Active"
"67","FAN3229T","https://www.onsemi.com/download/data-sheet/pdf/FAN3229T-D.PDF","FAN3229TMX","0.57","TTL input, dual inverting or non-inverting output, peak 3A sink, 3A source current Low-Side Gate Driver","MOSFET","3","3","","18","Non-Isolated","Dual","2","SOIC-8","","12","9","19","18","22","Standard","false","false","true","true","Active"
"67","FAN3229T","https://www.onsemi.com/download/data-sheet/pdf/FAN3229T-D.PDF","FAN3229TMPX","0.57","TTL input, dual inverting or non-inverting output, peak 3A sink, 3A source current Low-Side Gate Driver","MOSFET","3","3","","18","Non-Isolated","Dual","2","WDFN-8","","12","9","19","18","22","Standard","false","false","true","true","Active"
"67","FAN3227T","https://www.onsemi.com/download/data-sheet/pdf/FAN3229T-D.PDF","FAN3227TMX","0.58","TTL input, dual non-inverting output, peak 3A sink, 3A source current Low-Side Gate Driver","MOSFET","3","3","","18","Non-Isolated","Dual","2","SOIC-8","","12","9","19","18","22","Standard","false","false","true","true","Active"
"67","FAN3227T","https://www.onsemi.com/download/data-sheet/pdf/FAN3229T-D.PDF","FAN3227TMPX","0.59","TTL input, dual non-inverting output, peak 3A sink, 3A source current Low-Side Gate Driver","MOSFET","3","3","","18","Non-Isolated","Dual","2","WDFN-8","","12","9","19","18","22","Standard","false","false","true","true","Active"
"67","FAN3226T","https://www.onsemi.com/download/data-sheet/pdf/FAN3229T-D.PDF","FAN3226TMPX","0.61","TTL input, dual inverting output, peak 3A sink, 3A source current Low-Side Gate Driver","MOSFET","3","3","","18","Non-Isolated","Dual","2","WDFN-8","","12","9","19","18","22","Standard","false","false","true","true","Active"
"67","NCD57540","https://www.onsemi.com/download/data-sheet/pdf/NCD57540-D.PDF","NCV57530DWKR2G","2.40","Isolated Dual-Channel IGBT Gate Driver with >8mm Creepage and Clearance","IGBT","6.5","6.5","","36","Galvanic Isolation","Dual","1","SOIC−16 WB LESS PINS 12 & 13","22","12","10","60","60","15","Automotive","true","true","true","true","Active"
"67","NCD57540","https://www.onsemi.com/download/data-sheet/pdf/NCD57540-D.PDF","NCV57540DWKR2G","2.40","Isolated Dual-Channel IGBT Gate Driver with >8mm Creepage and Clearance","IGBT","6.5","6.5","","36","Galvanic Isolation","Dual","1","SOIC−16 WB LESS PINS 12 & 13","22","12","10","60","60","15","Automotive","true","true","true","true","Active"
"66","FAN3227C","https://www.onsemi.com/download/data-sheet/pdf/FAN3229T-D.PDF","FAN3227CMX","0.81","CMOS input, dual non-inverting output, peak 3A sink, 3A source current Low-Side Gate Driver","MOSFET","3","3","","18","Non-Isolated","Dual","2","SOIC-8","","12","9","15","15","22","Standard","false","false","true","true","Active"
"66","NCD57090","https://www.onsemi.com/download/data-sheet/pdf/NCD57090A-D.PDF","NCV57091BDWR2G","1.50","Isolated High Current Gate Driver","IGBT","8","8","","20","Galvanic Isolation","Single","1","SOIC8 WB","20","13","13","60","60","15","Automotive","true","true","true","true","Active"
"66","NCD57090","https://www.onsemi.com/download/data-sheet/pdf/NCD57090A-D.PDF","NCV57091CDWR2G","1.50","Isolated High Current Gate Driver","IGBT","8","8","","20","Galvanic Isolation","Single","1","SOIC8 WB","20","13","13","60","60","15","Automotive","true","true","true","true","Active"
"66","FAN3180","https://www.onsemi.com/download/data-sheet/pdf/FAN3180-D.pdf","FAN3180TSX","0.49","TTL input, single non-inverting output, peak 2.8A sink, 2.5A source current with 3.3V LDO Low-Side Gate Driver","MOSFET","2.8","2.5","","18","Non-Isolated","Single","1","SOT-23-5","","19","13","23","24","","Standard","false","false","true","true","Active"
"66","NCD57090","https://www.onsemi.com/download/data-sheet/pdf/NCD57090A-D.PDF","NCV57090FDWR2G","1.32","Isolated High Current Gate Driver","IGBT","8","8","","20","Galvanic Isolation","Single","1","SOIC8 WB","20","13","13","60","60","15","Automotive","true","true","true","true","Active"
"66","NCP81158D","https://www.onsemi.com/download/data-sheet/pdf/NCP81158D-D.PDF","NCP81158DMNTXG","0.20","VR12.5 Synchronous Buck MOSFET Driver","MOSFET","","","5.5","5.5","Junction Isolation","Half-Bridge","1","DFN-8","","16","11","","","","Standard","false","false","true","true","Active"
"66","NCP51563","https://www.onsemi.com/download/data-sheet/pdf/NCP51563-D.PDF","NCP51563BBDWR2G","1.93","4.5/9A Isolated Dual Channel Gate Driver with 8V UVLO and DISABLE in SOIC-16 less pins 12 & 13","MOSFET","4.5","9","","33","Galvanic Isolation","Dual","2","SOIC−16 WB LESS PINS 12 & 13","1850","9","8","36","36","8","Standard","false","false","true","true","Active"
"66","NCP51563","https://www.onsemi.com/download/data-sheet/pdf/NCP51563-D.PDF","NCP51563CADWR2G","1.93","4.5/9A Isolated Dual Channel Gate Driver with 13V UVLO and ENABLE in SOIC-16 less pins 12 & 13","SiC MOSFET","4.5","9","","33","Galvanic Isolation","Dual","2","SOIC−16 WB LESS PINS 12 & 13","1850","9","8","36","36","8","Standard","false","false","true","true","Active"
"66","NCP81074","https://www.onsemi.com/download/data-sheet/pdf/NCP81074-D.PDF","NCP81074BDR2G","0.69","Small, High Speed Low Side MOSFET Driver with 10A sink/source capability","MOSFET","10","10","20","20","Non-Isolated","Single","1","SOIC-8","","7","7","15","15","","Standard","false","false","true","true","Active"
"66","NCP81074","https://www.onsemi.com/download/data-sheet/pdf/NCP81074-D.PDF","NCP81074ADR2G","0.70","Small, High Speed Low Side MOSFET Driver with 10A sink/source capability","MOSFET","10","10","20","20","Non-Isolated","Single","1","SOIC-8","","7","7","15","15","","Standard","false","false","true","true","Active"
"66","FAN3224TU_F085","https://www.onsemi.com/download/data-sheet/pdf/FAN3223-F085-D.PDF","FAN3224TUMX-F085","0.68","Low-Side Gate Drivers, Dual 4-A High-Speed","MOSFET","5","5","","18","Non-Isolated","Dual","2","SOIC-8","","12","9","17","17","20","Automotive","true","true","true","true","Active"
"66","NCP81074","https://www.onsemi.com/download/data-sheet/pdf/NCP81074-D.PDF","NCP81074AMNTBG","0.74","Single Channel 10A Low Side MOSFET Driver with TTL thresholds in DFN package","MOSFET","10","10","20","20","Non-Isolated","Single","1","DFN-8","","7","7","15","15","","Standard","false","false","true","true","Active"
"66","NCP81074","https://www.onsemi.com/download/data-sheet/pdf/NCP81074-D.PDF","NCP81074BMNTBG","0.74","Single Channel 10A Low Side MOSFET Driver with CMOS thresholds in DFN package","MOSFET","10","10","20","20","Non-Isolated","Single","1","DFN-8","","7","7","15","15","","Standard","false","false","true","true","Active"
"66","NCP81158","https://www.onsemi.com/download/data-sheet/pdf/NCP81158-D.PDF","NCP81158MNTXG","0.20","VR12.5 Synchronous Buck MOSFET Driver","MOSFET","","","5.5","5.5","Junction Isolation","Half-Bridge","1","DFN-8","","16","11","","","","Standard","false","false","true","true","Active"
"65","NCD57081","https://www.onsemi.com/download/data-sheet/pdf/NCD57080-D.PDF","NCV57081ADR2G","2.30","Isolated High Current Gate Driver","MOSFET","6.5","6.5","","30","Galvanic Isolation","Single","1","SOIC-8","20","10","6","60","60","6","Automotive","true","true","true","true","Active"
"65","NCD57081","https://www.onsemi.com/download/data-sheet/pdf/NCD57080-D.PDF","NCV57081BDR2G","2.30","Isolated High Current Gate Driver","MOSFET","6.5","6.5","","30","Galvanic Isolation","Single","1","SOIC-8","20","10","6","60","60","6","Automotive","true","true","true","true","Active"
"65","NCD57081","https://www.onsemi.com/download/data-sheet/pdf/NCD57080-D.PDF","NCV57081CDR2G","2.30","Isolated High Current Gate Driver","MOSFET","6.5","6.5","","30","Galvanic Isolation","Single","1","SOIC-8","20","10","6","60","60","6","Automotive","true","true","true","true","Active"
"65","NCD57090","https://www.onsemi.com/download/data-sheet/pdf/NCD57090A-D.PDF","NCV57090DDWR2G","1.32","Isolated High Current Gate Driver","IGBT","8","8","","20","Galvanic Isolation","Single","1","SOIC8 WB","20","13","13","60","60","15","Automotive","true","true","true","true","Active"
"65","NCD57090","https://www.onsemi.com/download/data-sheet/pdf/NCD57090A-D.PDF","NCV57090EDWR2G","1.32","Isolated High Current Gate Driver","IGBT","8","8","","20","Galvanic Isolation","Single","1","SOIC8 WB","20","13","13","60","60","15","Automotive","true","true","true","true","Active"
"65","FAN3100C","https://www.onsemi.com/download/data-sheet/pdf/FAN3100T-D.PDF","FAN3100CSX","0.35","CMOS input, single inverting or non-inverting output, peak 3A sink, 3A source current Low-Side Gate Driver","MOSFET","3","3","","18","Non-Isolated","Single","1","SOT-23-5","","13","9","15","15","","Standard","false","false","true","true","Active"
"65","FAN3100T","https://www.onsemi.com/download/data-sheet/pdf/FAN3100T-D.PDF","FAN3100TSX","0.36","TTL input, single inverting or non-inverting output, peak 3A sink, 3A source current Low-Side Gate Driver","MOSFET","3","3","","18","Non-Isolated","Single","1","SOT-23-5","","13","9","16","16","","Standard","false","false","true","true","Active"
"65","FAN3100C","https://www.onsemi.com/download/data-sheet/pdf/FAN3100T-D.PDF","FAN3100CMPX","0.39","CMOS input, single inverting or non-inverting output, peak 3A sink, 3A source current Low-Side Gate Driver","MOSFET","3","3","","18","Non-Isolated","Single","1","WDFN-6","","13","9","15","15","","Standard","false","false","true","true","Active"
"65","FAN3100T","https://www.onsemi.com/download/data-sheet/pdf/FAN3100T-D.PDF","FAN3100TMPX","0.41","TTL input, single inverting or non-inverting output, peak 3A sink, 3A source current Low-Side Gate Driver","MOSFET","3","3","","18","Non-Isolated","Single","1","WDFN-6","","13","9","16","16","","Standard","false","false","true","true","Active"
"65","FAN3268","https://www.onsemi.com/download/data-sheet/pdf/FAN3268-D.PDF","FAN3268TMX","0.60","Low-Voltage 18V PMOS-NMOS Bridge Driver","MOSFET","3","3","","18","Non-Isolated","High-Low","2","SOIC-8","","12","9","14","19","","Standard","false","false","true","true","Active"
"65","NCD57080","https://www.onsemi.com/download/data-sheet/pdf/NCD57080-D.PDF","NCV57080BDR2G","1.04","Isolated High Current Gate Driver","IGBT","6.5","6.5","","30","Galvanic Isolation","Single","1","SOIC-8","20","10","6","60","60","6","Automotive","true","true","true","true","Active"
"65","FAD7171MX","https://www.onsemi.com/download/data-sheet/pdf/FAD7171MX-D.PDF","FAD7171MX","0.80","600 V / 4 A, High-Side Automotive Gate Driver IC","MOSFET / IGBT","","","0.3","","Non-Isolated","High-Side","1","SOIC-8","","18","19","100","95","","Automotive","true","true","true","true","Active"
"65","NCP81253","https://www.onsemi.com/download/data-sheet/pdf/NCP81253-D.PDF","NCP81253MNTBG","0.31","MOSFET Driver Compatible with Single-Phase IMVP8 Controllers","MOSFET","","","35","5.5","Junction Isolation","Half-Bridge","2","DFN-8","","16","11","","","","Standard","false","false","true","true","Active"
"65","NCD57080","https://www.onsemi.com/download/data-sheet/pdf/NCD57080-D.PDF","NCV57080ADR2G","1.04","Isolated High Current Gate Driver","IGBT","6.5","6.5","","30","Galvanic Isolation","Single","1","SOIC-8","20","10","6","60","60","6","Automotive","true","true","true","true","Active"
"65","NCD57080","https://www.onsemi.com/download/data-sheet/pdf/NCD57080-D.PDF","NCV57080CDR2G","1.04","Isolated High Current Gate Driver","IGBT","6.5","6.5","","30","Galvanic Isolation","Single","1","SOIC-8","20","10","6","60","60","6","Automotive","true","true","true","true","Active"
"65","NCP81151B","https://www.onsemi.com/download/data-sheet/pdf/NCP81151B-D.PDF","NCP81151BMNTBG","0.14","VR12.5 MOSFET DRIVER","MOSFET","","","35","6.5","Junction Isolation","Half-Bridge","2","DFN-8","","16","11","","","","Standard","false","false","true","true","Active"
"65","NCD57090","https://www.onsemi.com/download/data-sheet/pdf/NCD57090A-D.PDF","NCV57090ADWR2G","1.32","Isolated High Current Gate Driver","IGBT","8","8","","20","Galvanic Isolation","Single","1","SOIC8 WB","20","13","13","60","60","15","Automotive","true","true","true","true","Active"
"65","NCD57090","https://www.onsemi.com/download/data-sheet/pdf/NCD57090A-D.PDF","NCV57090BDWR2G","1.32","Isolated High Current Gate Driver","IGBT","8","8","","20","Galvanic Isolation","Single","1","SOIC8 WB","20","13","13","60","60","15","Automotive","true","true","true","true","Active"
"65","NCD57090","https://www.onsemi.com/download/data-sheet/pdf/NCD57090A-D.PDF","NCV57090CDWR2G","1.32","Isolated High Current Gate Driver","IGBT","8","8","","20","Galvanic Isolation","Single","1","SOIC8 WB","20","13","13","60","60","15","Automotive","true","true","true","true","Active"
"65","NCD57090","https://www.onsemi.com/download/data-sheet/pdf/NCD57090A-D.PDF","NCV57091ADWR2G","1.50","Isolated High Current Gate Driver","IGBT","8","8","","20","Galvanic Isolation","Single","1","SOIC8 WB","20","13","13","60","60","15","Automotive","true","true","true","true","Active"
"64","FAN3224T_F085","https://www.onsemi.com/download/data-sheet/pdf/FAN3223-F085-D.PDF","FAN3224TMX-F085","0.69","Dual 4A High-Speed,<BR>Low-Side Gate Driver","MOSFET","5","5","","18","Non-Isolated","Dual","2","SOIC-8","","12","9","17","17","20","Automotive","true","true","true","true","Active"
"64","NCP81145","https://www.onsemi.com/download/data-sheet/pdf/NCP81145-D.PDF","NCP81145MNTBG","0.23","VR12.5 Buck MOSFET Driver","MOSFET","","","35","6.5","Junction Isolation","Half-Bridge","2","DFN-8","","16","11","","","","Standard","false","false","true","true","Active"
"64","NCP81151","https://www.onsemi.com/download/data-sheet/pdf/NCP81151-D.PDF","NCP81151MNTBG","0.14","MOSFET Driver, VR12.5 Compatible Synchronous Buck","MOSFET","","","35","6.5","Junction Isolation","Half-Bridge","2","DFN-8","","16","11","","","","Standard","false","false","true","true","Active"
"64","NCD57084","https://www.onsemi.com/download/data-sheet/pdf/NCD57084-D.PDF","NCV57084DR2G","1.04","Isolated Compact IGBT Gate Driver with DESAT","IGBT","7","7.5","","30","Galvanic Isolation","Single","1","SOIC-8","20","10","15","60","60","25","Automotive","true","true","true","true","Active"
"63","NCP81152","https://www.onsemi.com/download/data-sheet/pdf/NCP81152-D.PDF","NCP81152MNTWG","0.35","Synchronous Buck Dual MOSFET Driver","MOSFET","","","35","6.5","Junction Isolation","Full-Bridge","4","QFN-16","","16","11","","","","Standard","false","false","true","true","Active"
"63","NCD57085","https://www.onsemi.com/download/data-sheet/pdf/NCD57085-D.PDF","NCV57085DR2G","1.38","Isolated Compact IGBT Gate Driver with Current Sense","IGBT","7","7.5","","30","Galvanic Isolation","Single","1","SOIC-8","20","10","15","60","60","25","Automotive","true","true","true","true","Active"
"63","NCP51560","https://www.onsemi.com/download/data-sheet/pdf/NCP51560-D.PDF","NCP51560BBDWR2G","1.93","4.5/9A Isolated Dual Channel Gate Driver with 8V UVLO and DISABLE","MOSFET","4.5","9","","33","Galvanic Isolation","Dual","2","SOIC-16W","1500","9","8","38","38","8","Standard","false","false","true","true","Active"
"63","NCP51560","https://www.onsemi.com/download/data-sheet/pdf/NCP51560-D.PDF","NCP51560ABDWR2G","1.93","4.5/9A Isolated Dual Channel Gate Driver with 5V UVLO and DISABLE","MOSFET","4.5","9","","33","Galvanic Isolation","Dual","2","SOIC-16W","1500","9","8","38","38","8","Standard","false","false","true","true","Active"
"63","NCD57252","https://www.onsemi.com/download/data-sheet/pdf/NCD57252-D.PDF","NCV57252DWR2G","3.23","Dual-Channel Iso IGBT Gate Driver in SOIC-16 Wide (Auto)","IGBT","6.5","6.5","","36","Galvanic Isolation","Dual","2","SOIC-16W","22","12","10","60","60","15","Automotive","true","true","true","true","Active"
"62","NCP51561","https://www.onsemi.com/download/data-sheet/pdf/NCP51561-D.PDF","NCP51561DADWR2G","1.67","4.5/9A Isolated Dual Channel Gate Driver with 17V UVLO and ENABLE","SiC MOSFET","4.5","9","","33","Galvanic Isolation","Dual","2","SOIC-16W","1500","9","8","36","36","8","Standard","false","false","true","true","Active"
"62","NCP51561","https://www.onsemi.com/download/data-sheet/pdf/NCP51561-D.PDF","NCP51561DBDWR2G","1.67","4.5/9A Isolated Dual Channel Gate Driver with 17V UVLO and DISABLE","SiC MOSFET","4.5","9","","33","Galvanic Isolation","Dual","2","SOIC-16W","1500","9","8","36","36","8","Standard","false","false","true","true","Active"
"62","NCP51561","https://www.onsemi.com/download/data-sheet/pdf/NCP51561-D.PDF","NCP51561BBDWR2G","1.67","4.5/9A Isolated Dual Channel Gate Driver with 8V UVLO and DISABLE","MOSFET","4.5","9","","33","Galvanic Isolation","Dual","2","SOIC-16W","1500","9","8","36","36","8","Standard","false","false","true","true","Active"
"62","NCP51561","https://www.onsemi.com/download/data-sheet/pdf/NCP51561-D.PDF","NCP51561BADWR2G","1.67","4.5/9A Isolated Dual Channel Gate Driver with 8V UVLO and ENABLE","MOSFET","4.5","9","","33","Galvanic Isolation","Dual","2","SOIC-16W","1200","9","8","36","36","8","Standard","false","false","true","true","Active"
"62","NCD57540","https://www.onsemi.com/download/data-sheet/pdf/NCD57540-D.PDF","NCD57530DWKR2G","2.40","Isolated Dual-Channel IGBT Gate Driver with >8mm Creepage and Clearance","IGBT","6.5","6.5","","36","Galvanic Isolation","Dual","1","SOIC−16 WB LESS PINS 12 & 13","22","12","10","60","60","15","Standard","false","false","true","true","Active"
"62","NCD57540","https://www.onsemi.com/download/data-sheet/pdf/NCD57540-D.PDF","NCD57540DWKR2G","2.40","Isolated Dual-Channel IGBT Gate Driver with >8mm Creepage and Clearance","IGBT","6.5","6.5","","36","Galvanic Isolation","Dual","1","SOIC−16 WB LESS PINS 12 & 13","22","12","10","60","60","15","Standard","false","false","true","true","Active"
"62","FAD6263M1X","https://www.onsemi.com/download/data-sheet/pdf/FAD6263-D.PDF","FAD6263M1X","1.17","600V 3A automotive half bridge gate driver IC","IGBT","","","600","25","Junction Isolation","Half-Bridge","2","SOIC-16","","20","20","","","","Automotive","true","true","true","true","Active"
"62","NCD57090","https://www.onsemi.com/download/data-sheet/pdf/NCD57090A-D.PDF","NCD57091ADWR2G","1.27","Isolated High Current Gate Driver","IGBT","8","8","","20","Galvanic Isolation","Single","1","SOIC8 WB","20","13","13","60","60","15","Standard","false","false","true","true","Active"
"62","NCD57090","https://www.onsemi.com/download/data-sheet/pdf/NCD57090A-D.PDF","NCD57091BDWR2G","1.27","Isolated High Current Gate Driver","IGBT","8","8","","20","Galvanic Isolation","Single","1","SOIC8 WB","20","13","13","60","60","15","Standard","false","false","true","true","Active"
"62","NCD57090","https://www.onsemi.com/download/data-sheet/pdf/NCD57090A-D.PDF","NCD57091CDWR2G","1.27","Isolated High Current Gate Driver","IGBT","8","8","","20","Galvanic Isolation","Single","1","SOIC8 WB","20","13","13","60","60","15","Standard","false","false","true","true","Active"
"62","NCD57001FDWR2G","https://www.onsemi.com/download/data-sheet/pdf/NCD57001F-D.PDF","NCD57001FDWR2G","2.10","Isolated high current and high efficiency IGBT gate driver with internal galvanic isolation","IGBT","4.5","6","","24","Galvanic Isolation","Single","1","SOIC-16W","5.5","10","15","60","60","20","Standard","false","false","true","true","Active"
"61","NCD57001","https://www.onsemi.com/download/data-sheet/pdf/NCD57001-D.PDF","NCD57001DWR2G","2.15","Isolated high current and high efficiency IGBT gate driver with internal galvanic isolation","IGBT","4.5","6","","24","Galvanic Isolation","Single","1","SOIC-16W","5.5","10","15","60","60","20","Standard","false","false","true","true","Active"
"61","NCD57090","https://www.onsemi.com/download/data-sheet/pdf/NCD57090A-D.PDF","NCD57090FDWR2G","1.27","Isolated High Current Gate Driver","IGBT","8","8","","20","Galvanic Isolation","Single","1","SOIC8 WB","20","13","13","60","60","15","Standard","false","false","true","true","Active"
"61","NCD57081","https://www.onsemi.com/download/data-sheet/pdf/NCD57080-D.PDF","NCD57081ADR2G","1.69","Isolated High Current Gate Driver","MOSFET","6.5","6.5","","30","Galvanic Isolation","Single","1","SOIC-8","20","10","6","60","60","6","Standard","false","false","true","true","Active"
"61","NCD57081","https://www.onsemi.com/download/data-sheet/pdf/NCD57080-D.PDF","NCD57081BDR2G","1.69","Isolated High Current Gate Driver","MOSFET","6.5","6.5","","30","Galvanic Isolation","Single","1","SOIC-8","20","10","6","60","60","6","Standard","false","false","true","true","Active"
"61","NCD57081","https://www.onsemi.com/download/data-sheet/pdf/NCD57080-D.PDF","NCD57081CDR2G","1.69","Isolated High Current Gate Driver","MOSFET","6.5","6.5","","30","Galvanic Isolation","Single","1","SOIC-8","20","10","6","60","60","6","Standard","false","false","true","true","Active"
"61","NCD57090","https://www.onsemi.com/download/data-sheet/pdf/NCD57090A-D.PDF","NCD57090DDWR2G","1.27","Isolated High Current Gate Driver","IGBT","8","8","","20","Galvanic Isolation","Single","1","SOIC8 WB","20","13","13","60","60","15","Standard","false","false","true","true","Active"
"61","NCD57090","https://www.onsemi.com/download/data-sheet/pdf/NCD57090A-D.PDF","NCD57090EDWR2G","1.27","Isolated High Current Gate Driver","IGBT","8","8","","20","Galvanic Isolation","Single","1","SOIC8 WB","20","13","13","60","60","15","Standard","false","false","true","true","Active"
"61","NCP81155","https://www.onsemi.com/download/data-sheet/pdf/NCP81155-D.PDF","NCP81155MNTXG","0.18","VR12.5 Synchronous Buck MOSFET Driver","MOSFET","","","13.2","13.2","Junction Isolation","Half-Bridge","1","DFN-8","","16","11","","","","Standard","false","false","true","true","Active"
"61","NCD57000","https://www.onsemi.com/download/data-sheet/pdf/NCD57000-D.PDF","NCD57000DWR2G","3.23","Isolated high current and high efficiency IGBT gate driver with internal galvanic isolation.","IGBT","4.5","6","","24","Galvanic Isolation","Single","1","SOIC-16W","5.5","10","15","60","60","20","Standard","false","false","true","true","Active"
"60","NCD57080","https://www.onsemi.com/download/data-sheet/pdf/NCD57080-D.PDF","NCD57080ADR2G","0.92","Isolated High Current Gate Driver","IGBT","6.5","6.5","","30","Galvanic Isolation","Single","1","SOIC-8","20","10","6","60","60","6","Standard","false","false","true","true","Active"
"60","NCP81258","https://www.onsemi.com/download/data-sheet/pdf/NCP81258-D.PDF","NCP81258MNTBG","0.14","MOSFET Driver, VR12 Compatible, Synchronous Buck","MOSFET","","","35","15","Junction Isolation","Half-Bridge","2","DFN-8","","16","11","","","","Standard","false","false","true","true","Active"
"60","FAD7191","https://www.onsemi.com/download/data-sheet/pdf/FAN7191_F085-D.PDF","FAD7191M1X","1.03","600V High and Low-side Gate Driver IC, 4.5A, SOIC-8 package","MOSFET / IGBT","","","625","25","Junction Isolation","High-Low","1","SOIC-14","","25","25","","","","Automotive","true","true","true","true","Active"
"60","NCD57090","https://www.onsemi.com/download/data-sheet/pdf/NCD57090A-D.PDF","NCD57090ADWR2G","1.27","Isolated High Current Gate Driver","IGBT","8","8","","20","Galvanic Isolation","Single","1","SOIC8 WB","20","13","13","60","60","15","Standard","false","false","true","true","Active"
"60","NCD57090","https://www.onsemi.com/download/data-sheet/pdf/NCD57090A-D.PDF","NCD57090CDWR2G","1.27","Isolated High Current Gate Driver","IGBT","8","8","","20","Galvanic Isolation","Single","1","SOIC8 WB","20","13","13","60","60","15","Standard","false","false","true","true","Active"
"60","NCD57090","https://www.onsemi.com/download/data-sheet/pdf/NCD57090A-D.PDF","NCD57090BDWR2G","1.33","Isolated High Current Gate Driver","IGBT","8","8","","20","Galvanic Isolation","Single","1","SOIC8 WB","20","13","13","60","60","15","Standard","false","false","true","true","Active"
"60","NCD57080","https://www.onsemi.com/download/data-sheet/pdf/NCD57080-D.PDF","NCD57080BDR2G","2.09","Isolated High Current Gate Driver","IGBT","6.5","6.5","","30","Galvanic Isolation","Single","1","SOIC-8","20","10","6","60","60","6","Standard","false","false","true","true","Active"
"60","FAN3213T","https://www.onsemi.com/download/data-sheet/pdf/FAN3214-D.PDF","FAN3213TMX","0.51","TTL input, dual inverting output, peak 5A sink, 5A source current Low-Side Gate Driver","MOSFET","5","5","","18","Non-Isolated","Dual","2","SOIC-8","","12","9","17","17","20","Standard","false","false","true","true","Active"
"60","FAN3224T","https://www.onsemi.com/download/data-sheet/pdf/FAN3223-D.PDF","FAN3224TMX","0.44","TTL input, dual non-inverting output, peak 5A sink, 5A source current Low-Side Gate Driver","MOSFET","5","5","","18","Non-Isolated","Dual","2","SOIC-8","","12","9","17","17","20","Standard","false","false","true","true","Active"
"60","FAN3223T","https://www.onsemi.com/download/data-sheet/pdf/FAN3223-D.PDF","FAN3223TMPX","0.51","TTL input, dual inverting output, peak 5A sink, 5A source current Low-Side Gate Driver","MOSFET","5","5","","18","Non-Isolated","Dual","2","WDFN-8","","12","9","17","17","20","Standard","false","false","true","true","Active"
"60","FAN3214T","https://www.onsemi.com/download/data-sheet/pdf/FAN3214-D.PDF","FAN3214TMX","0.58","TTL input, dual non-inverting output, peak 5A sink, 5A source current Low-Side Gate Driver","MOSFET","5","5","","18","Non-Isolated","Dual","2","SOIC-8","","12","9","17","17","20","Standard","false","false","true","true","Active"
"60","FAN3224C","https://www.onsemi.com/download/data-sheet/pdf/FAN3223-D.PDF","FAN3224CMPX","0.52","CMOS input, dual non-inverting output, peak 5A sink, 5A source current Low-Side Gate Driver","MOSFET","5","5","","18","Non-Isolated","Dual","2","WDFN-8","","12","9","18","18","19","Standard","false","false","true","true","Active"
"60","FAN3225T","https://www.onsemi.com/download/data-sheet/pdf/FAN3223-D.PDF","FAN3225TMX","0.56","TTL input, dual inverting or non-inverting output, peak 5A sink, 5A source current Low-Side Gate Driver","MOSFET","5","5","","18","Non-Isolated","Dual","2","SOIC-8","","12","9","17","17","20","Standard","false","false","true","true","Active"
"60","FAN3225T","https://www.onsemi.com/download/data-sheet/pdf/FAN3223-D.PDF","FAN3225TMPX","0.71","TTL input, dual inverting or non-inverting output, peak 5A sink, 5A source current Low-Side Gate Driver","MOSFET","5","5","","18","Non-Isolated","Dual","2","WDFN-8","","12","9","17","17","20","Standard","false","false","true","true","Active"
"60","NCP81258H","https://www.onsemi.com/download/data-sheet/pdf/NCP81258H-D.PDF","NCP81258HMNTBG","1.13","MOSFET Driver, VR12 Compatible, Synchronous Buck","MOSFET","","","35","15","Junction Isolation","Half-Bridge","2","DFN-8","","16","11","","","","Standard","false","false","true","true","Active"
"60","FAN3224TM1X-F085","https://www.onsemi.com/download/data-sheet/pdf/FAN3223-F085-D.PDF","FAN3224TM1X-F085","0.66","Low-Side Gate Drivers, Dual 4-A High-Speed","MOSFET","5","5","","18","Non-Isolated","Dual","2","SOIC-8 EP","","","","17","17","20","Automotive","true","true","true","true","Active"
"59","NCD57080","https://www.onsemi.com/download/data-sheet/pdf/NCD57080-D.PDF","NCD57080CDR2G","2.09","Isolated High Current Gate Driver","IGBT","6.5","6.5","","30","Galvanic Isolation","Single","1","SOIC-8","20","10","6","60","60","6","Standard","false","false","true","true","Active"
"59","FAN3224C","https://www.onsemi.com/download/data-sheet/pdf/FAN3223-D.PDF","FAN3224CMX","0.84","CMOS input, dual non-inverting output, peak 5A sink, 5A source current Low-Side Gate Driver","MOSFET","5","5","","18","Non-Isolated","Dual","2","SOIC-8","","12","9","18","18","19","Standard","false","false","true","true","Active"
"59","FAN3224T","https://www.onsemi.com/download/data-sheet/pdf/FAN3223-D.PDF","FAN3224TMPX","0.85","TTL input, dual non-inverting output, peak 5A sink, 5A source current Low-Side Gate Driver","MOSFET","5","5","","18","Non-Isolated","Dual","2","WDFN-8","","12","9","17","17","20","Standard","false","false","true","true","Active"
"59","NCD57085","https://www.onsemi.com/download/data-sheet/pdf/NCD57085-D.PDF","NCD57085DR2G","0.92","Isolated Compact IGBT Gate Driver with Current Sense","IGBT","7","7.5","","30","Galvanic Isolation","Single","1","SOIC-8","20","10","15","60","60","25","Standard","false","false","true","true","Active"
"59","NCD57252","https://www.onsemi.com/download/data-sheet/pdf/NCD57252-D.PDF","NCD57253DWR2G","2.40","Dual-Channel Iso Gate Driver in SOIC-16 Wide","SiC MOSFET","6.5","6.5","","36","Galvanic Isolation","Dual","2","SOIC-16W","22","12","10","60","60","15","Standard","false","false","true","true","Active"
"59","NCD57084","https://www.onsemi.com/download/data-sheet/pdf/NCD57084-D.PDF","NCD57084DR2G","1.10","Isolated Compact IGBT Gate Driver with DESAT","IGBT","7","7.5","","30","Galvanic Isolation","Single","1","SOIC-8","20","10","15","60","60","25","Standard","false","false","true","true","Active"
"59","NCD57252","https://www.onsemi.com/download/data-sheet/pdf/NCD57252-D.PDF","NCD57252DWR2G","2.07","Dual-Channel Iso IGBT Gate Driver in SOIC-16 Wide","IGBT","6.5","6.5","","36","Galvanic Isolation","Dual","2","SOIC-16W","22","12","10","60","60","15","Standard","false","false","true","true","Active"
"59","NCP81161","https://www.onsemi.com/download/data-sheet/pdf/NCP81161-D.PDF","NCP81161MNTBG","0.13","MOSFET Driver, VR12.5 Compatible, Synchronous Buck","MOSFET","","","35","15","Junction Isolation","Half-Bridge","2","DFN-8","","16","11","","","","Standard","false","false","true","true","Active"
"59","NCP81062","https://www.onsemi.com/download/data-sheet/pdf/NCP81062-D.PDF","NCP81062MNTWG","0.19","Synchronous Buck MOSFET Driver","MOSFET","","","35","15","Junction Isolation","Half-Bridge","2","DFN-8","","16","11","","","","Standard","false","false","true","true","Active"
"59","NCP5901","https://www.onsemi.com/download/data-sheet/pdf/NCP5901-D.PDF","NCP5901MNTBG","0.17","MOSFET Driver, VR12 Compatible, Synchronous Buck","MOSFET","","","35","15","Junction Isolation","Half-Bridge","2","DFN-8","","16","11","","","","Standard","false","false","true","true","Active"
"58","NCP5901B","https://www.onsemi.com/download/data-sheet/pdf/NCP5901B-D.PDF","NCP5901BDR2G","0.19","MOSFET Driver, VR12 Compatible, Synchronous Buck","MOSFET","","","35","15","Junction Isolation","Half-Bridge","2","SOIC-8","","16","11","","","","Standard","false","false","true","true","Active"
"58","NCP5901B","https://www.onsemi.com/download/data-sheet/pdf/NCP5901B-D.PDF","NCP5901BMNTBG","0.20","MOSFET Driver, VR12 Compatible, Synchronous Buck","MOSFET","","","35","15","Junction Isolation","Half-Bridge","2","DFN-8","","16","11","","","","Standard","false","false","true","true","Active"
"58","NCP3420","https://www.onsemi.com/download/data-sheet/pdf/NCP3420-D.PDF","NCP3420DR2G","0.19","MOSFET Driver with Dual Outputs for Synchronous Buck Converters","MOSFET","","","35","15","Junction Isolation","High-Low","2","SOIC-8","","16","11","","","","Standard","false","false","true","true","Active"
"58","ADP3120A","https://www.onsemi.com/download/data-sheet/pdf/ADP3120A-D.PDF","ADP3120AJRZ-RL","0.27","Dual 12 V MOSFET Driver with Output Disable","MOSFET","","","35","15","Junction Isolation","Half-Bridge","2","SOIC-8","","20","16","","","","Standard","false","false","true","true","Active"
"58","ADP3120A","https://www.onsemi.com/download/data-sheet/pdf/ADP3120A-D.PDF","ADP3120AJCPZ-RL","0.29","Dual 12 V MOSFET Driver with Output Disable","MOSFET","","","35","15","Junction Isolation","Half-Bridge","2","DFN-8","","20","16","","","","Standard","false","false","true","true","Active"
"58","FAN1110B-F085","https://www.onsemi.com/download/data-sheet/pdf/FAN1110B-F085-D.PDF","FAN1110B-F085","'-","Ignition Module Drive IC","~NA~","","","-518","28","~NA~","Single","1","SOIC-8","","","","17000","17000","","Automotive","true","true","true","true","Active"
"57","ADP3110A","https://www.onsemi.com/download/data-sheet/pdf/ADP3110A-D.PDF","ADP3110AKRZ-RL","0.18","Dual Bootstrapped, 12 V MOSFET Driver","MOSFET","","","35","15","Junction Isolation","Half-Bridge","2","SOIC-8","","40","20","","","","Standard","false","false","true","true","Active"
"57","ADP3110A","https://www.onsemi.com/download/data-sheet/pdf/ADP3110A-D.PDF","ADP3110AKCPZ-RL","0.30","Dual Bootstrapped, 12 V MOSFET Driver","MOSFET","","","35","15","Junction Isolation","Half-Bridge","2","DFN-8","","40","20","","","","Standard","false","false","true","true","Active"
"55","NCV57200","https://www.onsemi.com/download/data-sheet/pdf/NCV57200-D.PDF","NCV57200DR2G","0.74","Half Bridge Gate Driver (Isolated High Side & Non-Isolated Low Side)","MOSFET / IGBT","","","","20","Galvanic Isolation","Half-Bridge","2","SOIC-8","20","13","8","","","","Automotive","true","true","true","true","Active"
"55","NCD57201","https://www.onsemi.com/download/data-sheet/pdf/NCD57201-D.PDF","NCV57201DR2G","0.74","Half Bridge Gate Driver (Isolated High Side & Non-Isolated Low Side)","MOSFET","","","","20","Galvanic Isolation","Dual","2","SOIC-8","20","13","8","","","","Automotive","true","true","true","true","Active"
"54","NCP51705","https://www.onsemi.com/download/data-sheet/pdf/NCP51705-D.PDF","NCP51705MNTXG","1.97","SiC MOSFET Driver, Low-Side, Single 6 A High-Speed","SiC MOSFET","6","6","","28","Non-Isolated","Single","1","WQFN-24","","8","8","25","25","","Standard","false","false","true","true","Active"
"53","FAN3122T_F085","https://www.onsemi.com/download/data-sheet/pdf/FAN3122T-F085-D.PDF","FAN3122TMX-F085","0.67","Single 9 A High-Speed,<BR>Low-Side Gate Driver","MOSFET","11.4","10.6","","18","Non-Isolated","Single","1","SOIC-8","","23","19","23","23","","Automotive","true","true","true","true","Active"
"51","NCV57001FDWR2G","https://www.onsemi.com/download/data-sheet/pdf/NCV57001F-D.PDF","NCV57001FDWR2G","2.07","Isolated high current and high efficiency IGBT gate driver with internal galvanic isolation","IGBT","","","","24","Galvanic Isolation","Single","1","SOIC-16W","5.5","10","15","","","","Automotive","true","true","true","true","Active"
"51","FAN3224TUM1X-F085","https://www.onsemi.com/download/data-sheet/pdf/FAN3223-F085-D.PDF","FAN3224TUM1X-F085","0.71","Low-Side Gate Drivers, Dual 4-A High-Speed","","5","5","","","","","","SOIC-8 EP","","","","17","17","20","Automotive","true","true","true","true","Active"
"51","NCV57001","https://www.onsemi.com/download/data-sheet/pdf/NCV57001-D.PDF","NCV57001DWR2G","2.29","IGBT Gate Driver, Isolated High Current and High Efficiency, with Internal Galvanic Isolation","IGBT","","","","24","Galvanic Isolation","Single","1","SOIC-16W","5.5","10","15","","","","Automotive","true","true","true","true","Active"
"50","NCD57201","https://www.onsemi.com/download/data-sheet/pdf/NCD57201-D.PDF","NCD57201DR2G","0.65","Half Bridge Gate Driver (Isolated High Side & Non-Isolated Low Side)","MOSFET","","","","20","Galvanic Isolation","Dual","2","SOIC-8","20","13","8","","","","Standard","false","false","true","true","Active"
"50","FAN8811T","https://www.onsemi.com/download/data-sheet/pdf/FAN8811-D.PDF","FAN8811MNTXG","1.29","High-Frequency, High Side and Low Side Gate Driver IC","","3","6","","","","","","WDFN-10","","","","30","28","10","Standard","false","false","true","true","Active"
"50","NCV57000","https://www.onsemi.com/download/data-sheet/pdf/NCV57000-D.PDF","NCV57000DWR2G","3.17","IGBT Gate Driver, Isolated High Current and High Efficiency, with Internal Galvanic Isolation","IGBT","","","","24","Galvanic Isolation","Single","1","SOIC-16W","5.5","10","15","","","","Automotive","true","true","true","true","Active"
"49","NCD57200","https://www.onsemi.com/download/data-sheet/pdf/NCD57200-D.PDF","NCD57200DR2G","0.79","Half Bridge Gate Driver (Isolated High Side & Non-Isolated Low Side)","IGBT","","","","20","Galvanic Isolation","Dual","2","SOIC-8","20","13","8","","","","Standard","false","false","true","true","Active"
"49","CS3361","https://www.onsemi.com/download/data-sheet/pdf/CS3361-D.PDF","CS3361YDR14G","1.42","Alternator Voltage Regulator FET Driver","MOSFET","0.01","","","27","Non-Isolated","Single","1","SOIC-14","","","","","","","Standard","false","true","true","true","Active"
"49","FAN3121T","https://www.onsemi.com/download/data-sheet/pdf/FAN3121-D.PDF","FAN3121TMPX","0.73","TTL input, single inverting output, peak 11.4A sink, 10.6A source current Low-Side Gate Driver","MOSFET","11.4","10.6","","18","Non-Isolated","Single","1","WDFN-8","","23","19","23","23","","Standard","false","false","true","true","Active"
"49","FAN3122T","https://www.onsemi.com/download/data-sheet/pdf/FAN3121-D.PDF","FAN3122TMPX","0.75","TTL input, single non-inverting output, peak 11.4A sink, 10.6A source current Low-Side Gate Driver","MOSFET","11.4","10.6","","18","Non-Isolated","Single","1","WDFN-8","","23","19","23","23","","Standard","false","false","true","true","Active"
"49","FAN3122T","https://www.onsemi.com/download/data-sheet/pdf/FAN3121-D.PDF","FAN3122TMX","0.76","TTL input, single non-inverting output, peak 11.4A sink, 10.6A source current Low-Side Gate Driver","MOSFET","11.4","10.6","","18","Non-Isolated","Single","1","SOIC-8","","23","19","23","23","","Standard","false","false","true","true","Active"
"48","FAN3122C","https://www.onsemi.com/download/data-sheet/pdf/FAN3121-D.PDF","FAN3122CMPX","0.86","CMOS input, single no-inverting output, peak 11.4A sink, 10.6A source current Low-Side Gate Driver","MOSFET","11.4","10.6","","18","Non-Isolated","Single","1","WDFN-8","","23","19","18","18","","Standard","false","false","true","true","Active"
"48","FAN3122C","https://www.onsemi.com/download/data-sheet/pdf/FAN3121-D.PDF","FAN3122CMX","0.92","CMOS input, single no-inverting output, peak 11.4A sink, 10.6A source current Low-Side Gate Driver","MOSFET","11.4","10.6","","18","Non-Isolated","Single","1","SOIC-8","","23","19","18","18","","Standard","false","false","true","true","Active"
"48","NCV51705","https://www.onsemi.com/download/data-sheet/pdf/NCV51705-D.PDF","NCV51705MNTWG","1.77","Automotive SiC MOSFET Driver, Low-Side, Single 6 A High-Speed","SiC MOSFET","6","6","","","Non-Isolated","Single","1","QFNW-24","","","","25","25","","Automotive","true","true","true","true","Active"
"47","NCP81146","https://www.onsemi.com/download/data-sheet/pdf/NCP81146-D.PDF","NCP81146MNTBG","0.21","VR12.5 Buck MOSFET Driver","MOSFET","","","","13.2","Junction Isolation","Half-Bridge","2","DFN-8","","16","11","","","","Standard","false","false","true","true","Active"
"46","FL3100T","https://www.onsemi.com/download/data-sheet/pdf/FL3100T-D.pdf","FL3100TMPX","0.33","Low-Side Gate Driver with LED PWM Dimming Control for Smart LED Lighting","MOSFET","","","","18","Non-Isolated","Single","1","WDFN-6","","13","9","","","","Standard","false","false","true","true","Active"
"46","FL3100T","https://www.onsemi.com/download/data-sheet/pdf/FL3100T-D.pdf","FL3100TSX","0.48","Low-Side Gate Driver with LED PWM Dimming Control for Smart LED Lighting","MOSFET","","","","18","Non-Isolated","Single","1","SOT-23-5","","13","9","","","","Standard","false","false","true","true","Active"
"44","NCD5707","https://www.onsemi.com/download/data-sheet/pdf/NCV5707-D.PDF","NCD5707BDR2G","'-","IGBT Gate Drivers, High-Current, Stand-Alone, Non-inverting","MOSFET / IGBT","4","6","5.5","36","Non-Isolated","Single","1","SOIC-8","","9.2","7.6","55","60","7","Standard","false","false","true","true","Product Preview"
"39","FAN1100_F085","https://www.onsemi.com/download/data-sheet/pdf/FAN1100_F085-D.PDF","FAN1100-F085","0.56","Ignition Gate Driver IC","IGBT","","","","","Non-Isolated","Single","1","SOIC-8","","","","","","","Automotive","true","true","true","true","Active"